{
  "m_total": 182,
  "m_success": 107,
  "m_asr_overall": 0.5879120879120879,
  "l_total": 182,
  "l_success": 40,
  "l_asr_overall": 0.21978021978021978
}